{"cameraMode":{"drawMode":0,"name":"Shaded","section":"Shading Mode"},"sceneLighting":true,"audioPlay":false,"sceneViewState":{"showFog":true,"showMaterialUpdate":false,"showSkybox":true,"showFlares":true,"showImageEffects":true,"showParticleSystems":true},"in2DMode":false,"pivot":{"x":-5.439002513885498,"y":-10.779684066772461,"z":16.786630630493165},"rotation":{"x":-0.27991968393325808,"y":0.025050288066267968,"z":-0.007306785322725773,"w":-0.9596688747406006},"size":28.585769653320314,"orthographic":false}