{"cameraMode":{"drawMode":0,"name":"Shaded","section":"Shading Mode"},"sceneLighting":true,"audioPlay":false,"sceneViewState":{"showFog":false,"showMaterialUpdate":false,"showSkybox":false,"showFlares":false,"showImageEffects":false,"showParticleSystems":false},"in2DMode":false,"pivot":{"x":-6.132114410400391,"y":-11.5204439163208,"z":12.273344039916993},"rotation":{"x":-0.3872455656528473,"y":0.028052033856511117,"z":-0.011803809553384781,"w":-0.9215466976165772},"size":30.406524658203126,"orthographic":false}