{"cameraMode":{"drawMode":0,"name":"Shaded","section":"Shading Mode"},"sceneLighting":true,"audioPlay":false,"sceneViewState":{"showFog":false,"showMaterialUpdate":false,"showSkybox":false,"showFlares":false,"showImageEffects":false,"showParticleSystems":false},"in2DMode":false,"pivot":{"x":-16.65313720703125,"y":-17.59353256225586,"z":19.259777069091798},"rotation":{"x":-0.3860906660556793,"y":0.23825061321258546,"z":-0.10393737256526947,"w":-0.8851561546325684},"size":51.565853118896487,"orthographic":false}