{"cameraMode":{"drawMode":0,"name":"Shaded","section":"Shading Mode"},"sceneLighting":true,"audioPlay":false,"sceneViewState":{"showFog":false,"showMaterialUpdate":false,"showSkybox":false,"showFlares":false,"showImageEffects":false,"showParticleSystems":false},"in2DMode":false,"pivot":{"x":-5.431439399719238,"y":-1.1842894554138184,"z":20.148988723754884},"rotation":{"x":-0.07043639570474625,"y":-0.012857096269726754,"z":0.0008933056960813701,"w":-0.9974439740180969},"size":21.817726135253908,"orthographic":false}